net,length_um
_0591_,463.62
_0651_,400.93
_0721_,375.62
_0617_,347.18
_0596_,339.07
_0599_,334.23
_0612_,334.06
_0608_,333.66
_0597_,318.77
_0680_,310.715
_0619_,299.99
_0637_,294.34
_0639_,283.95
_0600_,282.92
_0581_,270.495
_0706_,262.37
_0611_,261.9
_0669_,258.215
_0587_,255.915
_0586_,252.62
_0590_,240.35
_0594_,236.49
_0683_,235.13
_0606_,228.58
_0727_,225.85
_0672_,223.88
_0784_,219.07
clknet_2_2__leaf_clk,215.9
_0716_,210
_0670_,208.97
_0556_,207.05
clknet_2_0__leaf_clk,205.68
_0607_,204.46
_0746_,201.55
_0545_,200.84
_0868_,200.32
_0832_,200.07
clknet_2_3__leaf_clk,199.06
_0709_,197.46
_0512_,196.86
_0821_,196.42
_0500_,196.02
_0417_,195.83
_0523_,194.77
_0567_,190.59
_0379_,190.14
_0843_,189.59
_0659_,189.3
_0585_,187.89
_0799_,187.56
_0451_,187.435
_0462_,187.39
_0440_,184.48
_0634_,182.16
_0624_,182.02
_0695_,181.02
_0418_,180.74
_0429_,179.65
_0604_,178.84
_0788_,178.14
_0582_,177.96
clknet_2_1__leaf_clk,177.82
_0787_,177.4
_0664_,176.8
_0880_,176.32
_0534_,175.58
_0869_,173.96
_0891_,172.7
clk,167.43
_0810_,166.94
_0401_,163.35
_0473_,160.16
_0501_,159.24
_0854_,158.88
_0484_,155.21
_0390_,155.035
_0583_,152.86
_0368_,150.645
_0757_,150.5
clknet_leaf_1_clk,142.18
net126,138.04
clknet_leaf_20_clk,136.27
clknet_leaf_24_clk,135.18
clknet_0_clk,133.56
clknet_leaf_5_clk,130.34
clknet_leaf_9_clk,128.615
_0593_,123.58
net105,121.595
_0785_,119.77
net48,108.62
net102,107.84
clknet_leaf_11_clk,106.14
clknet_leaf_28_clk,105.74
clknet_leaf_27_clk,104.61
clknet_leaf_12_clk,101.18
net3,98.58
clknet_leaf_4_clk,98.34
clknet_leaf_26_clk,96.96
net72,95.2
clknet_leaf_16_clk,94.66
clknet_leaf_19_clk,94.06
net2,93.46
net76,92.82
clknet_leaf_23_clk,92.3
clknet_leaf_10_clk,92.08
net100,91.38
net55,90.86
net29,90.44
clknet_leaf_17_clk,90.1
net1,90
clknet_leaf_14_clk,89.5
clknet_leaf_0_clk,88.58
net32,87.29
clknet_leaf_18_clk,86.44
net6,83.6
net53,83.6
clknet_leaf_8_clk,82.74
clknet_leaf_29_clk,82.56
net85,82.38
net56,82.31
net77,81.12
net10,80.26
net65,79.68
net42,79.56
clknet_leaf_25_clk,78.86
net71,77.8
net50,76.34
clknet_leaf_22_clk,75.44
net117,75.02
clknet_leaf_21_clk,74.44
net18,74.38
net115,73.56
clknet_leaf_7_clk,73.4
net12,73.24
net27,72.28
net44,71.88
clknet_leaf_13_clk,70.04
net79,69.76
net61,69.3
net123,69.18
clknet_leaf_3_clk,68.56
_0498_,68.1
net28,68.06
net91,67.72
net128,66.94
net49,66.68
net95,66.14
clknet_leaf_15_clk,65.96
net101,65.335
net106,63.62
net145,62.94
net41,62.86
net20,62.56
net40,62.46
clknet_leaf_30_clk,61.74
_0589_,61.505
net83,59.42
net54,58.9
net37,58.02
net45,57.52
net134,56.74
net13,56.08
net86,55.16
net16,54.62
net63,53.92
net22,52.62
clknet_leaf_2_clk,51.28
net35,51.12
net64,50.9
net34,50.08
net51,49.98
net75,49.98
net57,49.62
net7,48.9
net114,48.18
net81,48.08
net107,47.82
net133,47.78
clknet_leaf_6_clk,47.27
net15,47.06
net67,46.7
net109,46.08
net21,45.92
net113,45.44
net80,45.14
net93,45.1
net17,44.75
net82,44.6
net8,43.7
net118,43.16
net62,43.11
net9,42.38
net47,41.5
net97,41.06
net60,41.02
net94,40.96
net24,40.34
net68,40
net5,39.06
net137,38.88
net129,38.44
net144,38.24
net26,38.08
net46,37.97
net73,37.34
net120,37.26
net39,37.22
net98,36.86
_0616_,36.82
net89,36.78
net38,36.68
net121,36.62
net127,36.6
net33,35.82
net119,35.54
rdata[5],34.57
net59,34.34
net25,34.24
net36,34.22
net148,32.68
net43,32.24
net124,31.8
net116,31.77
net66,31.66
wdata[50],31.28
_0415_,30.95
rdata[6],30.87
mem\[3\]\[5\],30.8
net58,30.76
_0656_,30.7
net122,30.66
net74,30.56
net11,29.96
mem\[2\]\[47\],29.18
wdata[55],28.98
net104,28.52
net70,28.42
wdata[7],28.21
mem\[0\]\[67\],27.66
net130,27.64
net112,27.6
net132,27.36
mem\[0\]\[2\],27.18
net23,27.04
net30,26.62
net138,26.6
net108,26.54
mem\[0\]\[5\],26.24
net136,26.1
net146,26.06
net19,25.74
net69,25.6
mem\[2\]\[5\],25.445
mem\[0\]\[18\],25.42
_0737_,25.06
wdata[53],24.76
mem\[1\]\[62\],24.44
mem\[1\]\[5\],24.34
mem\[3\]\[2\],24.22
mem\[2\]\[17\],24.145
net52,23.82
net31,23.6
net78,23.6
mem\[0\]\[19\],23.22
mem\[0\]\[8\],23.14
wdata[58],23.08
mem\[3\]\[0\],23.02
mem\[2\]\[33\],22.91
net135,22.42
wdata[12],22.41
_0685_,22.38
rdata[21],22.12
mem\[3\]\[25\],21.96
net14,21.88
mem\[0\]\[49\],21.8
rdata[65],21.79
_0615_,21.66
_0623_,21.62
net398,21.52
_0708_,21.22
mem\[3\]\[18\],20.96
net96,20.96
net143,20.66
mem\[2\]\[38\],20.585
net147,20.58
net110,20.21
mem\[3\]\[22\],20.06
mem\[3\]\[48\],20.06
rdata[3],20.01
wdata[51],19.86
_0699_,19.76
mem\[3\]\[33\],19.57
_0638_,19.02
mem\[2\]\[4\],18.93
net4,18.88
mem\[1\]\[66\],18.82
_0667_,18.68
mem\[3\]\[28\],18.68
mem\[1\]\[16\],18.66
net84,18.62
net90,18.62
net141,18.58
_0654_,18.52
_0736_,18.52
net139,18.52
net99,18.44
_0679_,18.4
wdata[15],18.38
mem\[2\]\[29\],18.34
rdata[69],18.19
net142,18.18
mem\[0\]\[22\],18.16
mem\[2\]\[50\],18.065
mem\[1\]\[34\],17.98
mem\[1\]\[37\],17.92
_0662_,17.68
mem\[1\]\[58\],17.48
wdata[63],17.45
mem\[0\]\[0\],17.36
net111,17.34
net140,17.34
rdata[55],17.32
mem\[0\]\[33\],17.26
wdata[6],17.25
mem\[1\]\[14\],17.18
rdata[56],17.13
mem\[0\]\[14\],17.1
mem\[0\]\[62\],17.08
mem\[3\]\[38\],17.04
wdata[70],16.95
mem\[2\]\[41\],16.925
mem\[1\]\[53\],16.9
mem\[3\]\[51\],16.82
mem\[1\]\[13\],16.74
_0711_,16.68
mem\[1\]\[4\],16.68
_0635_,16.6
mem\[1\]\[50\],16.58
mem\[3\]\[16\],16.535
mem\[1\]\[22\],16.33
rdata[1],16.33
wdata[66],16.23
mem\[0\]\[24\],16.14
mem\[0\]\[6\],16.12
mem\[3\]\[65\],16.03
wdata[68],16.03
wdata[14],15.92
mem\[2\]\[51\],15.9
wdata[39],15.89
mem\[0\]\[11\],15.88
mem\[0\]\[69\],15.86
mem\[2\]\[34\],15.765
_0723_,15.76
mem\[0\]\[56\],15.68
net469,15.64
_0739_,15.62
mem\[1\]\[51\],15.62
mem\[1\]\[23\],15.6
mem\[2\]\[11\],15.545
mem\[3\]\[59\],15.52
_0602_,15.5
rdata[51],15.5
mem\[0\]\[48\],15.48
mem\[2\]\[53\],15.405
mem\[3\]\[58\],15.4
address[1],15.34
mem\[1\]\[1\],15.3
mem\[3\]\[13\],15.3
_0640_,15.24
_0293_,15.18
mem\[3\]\[47\],15.18
rdata[47],15.16
rdata[58],15.16
mem\[1\]\[52\],15.065
mem\[1\]\[60\],15.06
mem\[2\]\[16\],15.06
wdata[59],15.02
mem\[2\]\[10\],14.98
mem\[3\]\[71\],14.88
_0675_,14.84
mem\[2\]\[21\],14.84
mem\[2\]\[9\],14.84
mem\[1\]\[63\],14.8
wdata[52],14.8
net294,14.8
mem\[1\]\[24\],14.725
mem\[0\]\[29\],14.71
mem\[0\]\[25\],14.68
mem\[0\]\[36\],14.66
rdata[50],14.66
mem\[1\]\[47\],14.655
_0738_,14.62
mem\[3\]\[6\],14.62
rdata[57],14.62
mem\[0\]\[9\],14.6
mem\[0\]\[4\],14.54
mem\[0\]\[60\],14.48
_0289_,14.46
_0767_,14.46
net262,14.44
_0645_,14.42
mem\[2\]\[25\],14.42
mem\[3\]\[8\],14.38
rdata[68],14.37
_0644_,14.34
_0689_,14.3
_0775_,14.3
mem\[0\]\[16\],14.3
wdata[0],14.27
mem\[1\]\[67\],14.26
mem\[3\]\[21\],14.26
rdata[53],14.2
_0632_,14.14
mem\[1\]\[40\],14.14
_0605_,14.12
mem\[1\]\[8\],14.08
mem\[2\]\[46\],14.06
mem\[0\]\[38\],14.04
mem\[2\]\[56\],14.015
_0726_,13.96
mem\[2\]\[23\],13.905
mem\[2\]\[40\],13.845
mem\[2\]\[69\],13.845
mem\[0\]\[55\],13.82
mem\[1\]\[44\],13.765
mem\[2\]\[7\],13.725
mem\[1\]\[46\],13.685
mem\[3\]\[29\],13.68
_0483_,13.66
mem\[1\]\[27\],13.64
_0566_,13.6
rdata[33],13.59
mem\[0\]\[26\],13.56
mem\[0\]\[51\],13.56
_0705_,13.54
_0714_,13.54
net177,13.54
_0673_,13.48
mem\[2\]\[12\],13.465
mem\[3\]\[34\],13.46
_0181_,13.385
mem\[1\]\[59\],13.38
_0765_,13.34
net506,13.3
wdata[2],13.23
_0740_,13.2
mem\[0\]\[71\],13.18
mem\[2\]\[61\],13.165
_0760_,13.16
mem\[2\]\[58\],13.145
_0789_,13.12
mem\[0\]\[44\],13.12
mem\[2\]\[1\],13.08
mem\[1\]\[39\],13.04
net103,13.04
mem\[0\]\[65\],13
_0613_,12.98
_0758_,12.96
mem\[3\]\[60\],12.96
wdata[61],12.96
mem\[3\]\[15\],12.94
mem\[2\]\[19\],12.925
mem\[1\]\[21\],12.905
_0301_,12.84
mem\[3\]\[37\],12.76
mem\[2\]\[57\],12.64
mem\[2\]\[60\],12.64
mem\[1\]\[49\],12.625
wdata[54],12.62
mem\[3\]\[53\],12.59
_0744_,12.58
_0807_,12.58
_0694_,12.54
mem\[0\]\[17\],12.52
rdata[14],12.5
_0668_,12.48
mem\[1\]\[71\],12.46
net441,12.44
mem\[1\]\[35\],12.425
mem\[0\]\[42\],12.42
mem\[2\]\[44\],12.4
net550,12.4
mem\[2\]\[42\],12.36
rdata[12],12.33
_0034_,12.325
mem\[2\]\[67\],12.325
mem\[1\]\[28\],12.265
net92,12.26
mem\[3\]\[56\],12.25
mem\[2\]\[15\],12.225
mem\[2\]\[48\],12.225
mem\[1\]\[25\],12.16
mem\[3\]\[27\],12.12
_0769_,12.08
net185,12.08
_0620_,12.04
wdata[33],11.89
mem\[3\]\[9\],11.88
net150,11.865
mem\[1\]\[12\],11.84
_0851_,11.8
wdata[64],11.77
net536,11.76
mem\[0\]\[59\],11.74
mem\[0\]\[63\],11.74
mem\[0\]\[13\],11.72
mem\[3\]\[4\],11.72
_0074_,11.705
_0777_,11.7
mem\[1\]\[17\],11.68
mem\[2\]\[64\],11.645
net499,11.62
mem\[2\]\[8\],11.585
_0790_,11.58
mem\[1\]\[55\],11.58
mem\[3\]\[57\],11.54
wdata[5],11.53
mem\[1\]\[42\],11.505
mem\[1\]\[43\],11.465
mem\[3\]\[32\],11.46
mem\[3\]\[31\],11.44
mem\[1\]\[69\],11.42
_0328_,11.36
mem\[3\]\[30\],11.36
_0294_,11.32
net426,11.32
mem\[2\]\[13\],11.315
_0541_,11.28
_0722_,11.28
mem\[3\]\[68\],11.28
_0375_,11.26
rdata[15],11.26
net254,11.26
_0227_,11.245
_0806_,11.2
mem\[3\]\[36\],11.2
_0749_,11.18
net88,11.18
mem\[1\]\[6\],11.14
_0751_,11.12
wdata[67],11.12
mem\[1\]\[10\],11.085
mem\[3\]\[19\],11.06
net271,11.06
net296,11.04
_0626_,11.02
wdata[16],11.02
mem\[0\]\[31\],11
mem\[1\]\[61\],11
wdata[22],11
net393,11
mem\[3\]\[66\],10.96
mem\[1\]\[9\],10.955
net402,10.94
net284,10.92
net351,10.9
net159,10.88
net302,10.86
_0609_,10.82
_0735_,10.8
net361,10.8
_0559_,10.78
_0629_,10.78
_0732_,10.78
mem\[1\]\[19\],10.78
mem\[3\]\[42\],10.78
mem\[2\]\[39\],10.765
rdata[24],10.76
_0425_,10.74
_0770_,10.74
mem\[0\]\[20\],10.66
mem\[1\]\[7\],10.62
_0773_,10.58
mem\[1\]\[33\],10.58
net512,10.56
wdata[62],10.55
_0663_,10.54
mem\[2\]\[63\],10.54
_0369_,10.5
mem\[1\]\[57\],10.44
mem\[1\]\[31\],10.425
mem\[0\]\[40\],10.42
mem\[0\]\[41\],10.4
_0580_,10.38
_0713_,10.36
_0649_,10.34
_0402_,10.32
_0528_,10.32
_0734_,10.32
rdata[71],10.29
net243,10.28
mem\[1\]\[32\],10.265
_0438_,10.24
_0686_,10.24
_0768_,10.24
_0423_,10.22
mem\[0\]\[32\],10.22
mem\[2\]\[70\],10.185
_0701_,10.18
_0302_,10.12
_0345_,10.12
rdata[49],10.1
net87,10
net317,10
_0628_,9.98
_0875_,9.98
mem\[1\]\[2\],9.98
net131,9.98
_0560_,9.96
mem\[2\]\[32\],9.96
mem\[3\]\[41\],9.96
_0327_,9.94
net386,9.94
_0348_,9.9
_0595_,9.9
net427,9.9
_0823_,9.88
wdata[71],9.87
_0506_,9.86
_0682_,9.86
address[0],9.86
net149,9.86
mem\[1\]\[3\],9.84
mem\[2\]\[49\],9.84
rdata[39],9.83
rdata[44],9.83
wdata[65],9.83
_0771_,9.82
mem\[0\]\[3\],9.82
mem\[2\]\[6\],9.82
_0753_,9.76
mem\[2\]\[18\],9.745
_0850_,9.74
wdata[41],9.74
wdata[47],9.74
wdata[49],9.74
wdata[57],9.74
wdata[60],9.74
_0603_,9.72
_0553_,9.7
_0748_,9.7
mem\[1\]\[41\],9.66
net545,9.66
rdata[67],9.64
wdata[10],9.64
wdata[11],9.64
wdata[13],9.64
wdata[18],9.64
mem\[0\]\[70\],9.62
_0646_,9.48
_0750_,9.48
mem\[1\]\[26\],9.475
mem\[3\]\[64\],9.46
mem\[2\]\[14\],9.425
_0433_,9.42
_0660_,9.42
_0725_,9.42
_0098_,9.405
_0146_,9.405
_0365_,9.4
_0874_,9.4
_0793_,9.36
mem\[1\]\[68\],9.36
mem\[3\]\[49\],9.36
mem\[3\]\[10\],9.34
mem\[2\]\[54\],9.335
_0584_,9.32
mem\[3\]\[63\],9.28
wdata[46],9.28
mem\[0\]\[37\],9.24
mem\[0\]\[68\],9.24
mem\[1\]\[0\],9.24
_0005_,9.225
_0277_,9.225
_0717_,9.2
mem\[2\]\[20\],9.2
rdata[41],9.18
rdata[43],9.18
rdata[52],9.18
wdata[23],9.18
mem\[0\]\[10\],9.14
mem\[1\]\[48\],9.12
net374,9.12
mem\[3\]\[55\],9.1
net203,9.06
mem\[0\]\[35\],9.04
_0747_,9.02
mem\[0\]\[21\],9.02
mem\[2\]\[35\],9.02
mem\[2\]\[45\],9.02
_0442_,8.98
_0633_,8.98
net227,8.98
rdata[10],8.96
rdata[13],8.96
rdata[16],8.96
rdata[18],8.96
mem\[3\]\[12\],8.95
mem\[2\]\[55\],8.945
_0883_,8.94
mem\[3\]\[7\],8.94
net162,8.905
_0657_,8.9
_0766_,8.9
mem\[3\]\[17\],8.9
mem\[3\]\[1\],8.9
_0693_,8.86
_0249_,8.825
_0743_,8.82
_0658_,8.78
net310,8.76
net421,8.76
_0385_,8.74
mem\[0\]\[53\],8.74
net239,8.74
net474,8.74
net514,8.74
_0068_,8.725
rdata[46],8.72
wdata[17],8.72
wdata[19],8.72
wdata[21],8.72
wdata[24],8.72
wdata[25],8.72
wdata[27],8.72
wdata[29],8.72
wdata[3],8.72
net472,8.72
mem\[3\]\[35\],8.7
_0381_,8.66
mem\[2\]\[71\],8.59
mem\[2\]\[62\],8.585
mem\[1\]\[36\],8.58
net189,8.58
_0233_,8.565
_0515_,8.56
_0704_,8.56
net326,8.56
_0089_,8.525
_0306_,8.52
_0493_,8.52
_0718_,8.52
_0185_,8.485
mem\[2\]\[37\],8.48
wdata[4],8.47
_0570_,8.46
_0389_,8.44
_0671_,8.44
_0764_,8.44
net415,8.44
_0888_,8.42
_0386_,8.4
_0702_,8.4
_0859_,8.4
net252,8.4
wdata[31],8.39
wdata[1],8.37
mem\[0\]\[12\],8.36
net183,8.36
net563,8.36
mem\[1\]\[30\],8.345
_0247_,8.32
mem\[0\]\[58\],8.32
net329,8.32
_0688_,8.3
net464,8.3
rdata[59],8.26
wdata[20],8.26
rdata[11],8.25
rdata[62],8.25
mem\[0\]\[66\],8.24
net534,8.22
mem\[2\]\[66\],8.205
_0780_,8.2
mem\[3\]\[45\],8.2
mem\[3\]\[62\],8.2
_0055_,8.185
_0290_,8.14
net368,8.14
mem\[3\]\[67\],8.1
_0371_,8.06
_0733_,8.06
net484,8.06
net155,8.04
_0129_,8.025
_0312_,8.02
_0450_,8.02
mem\[0\]\[30\],8.02
mem\[0\]\[43\],8.02
_0274_,7.985
net172,7.985
_0579_,7.98
mem\[2\]\[52\],7.98
_0652_,7.96
_0404_,7.94
_0835_,7.94
_0884_,7.94
net330,7.94
net320,7.92
_0776_,7.9
_0778_,7.9
mem\[2\]\[0\],7.9
mem\[3\]\[11\],7.9
mem\[2\]\[22\],7.88
net549,7.88
_0186_,7.86
_0269_,7.86
mem\[1\]\[11\],7.86
mem\[1\]\[38\],7.86
mem\[2\]\[28\],7.86
net404,7.76
_0414_,7.72
_0416_,7.7
net197,7.7
net201,7.7
net308,7.7
_0674_,7.68
_0772_,7.68
mem\[2\]\[59\],7.68
net209,7.68
net508,7.68
mem\[0\]\[52\],7.66
mem\[1\]\[29\],7.66
mem\[2\]\[3\],7.66
_0291_,7.64
mem\[3\]\[14\],7.62
_0025_,7.605
_0475_,7.6
_0542_,7.6
_0871_,7.6
net207,7.6
net493,7.6
_0526_,7.58
_0622_,7.58
mem\[2\]\[31\],7.58
rdata[17],7.58
rdata[19],7.58
rdata[20],7.58
rdata[22],7.58
rdata[23],7.58
rdata[25],7.58
rdata[27],7.58
rdata[29],7.58
_0010_,7.565
_0156_,7.565
_0466_,7.56
_0377_,7.52
_0458_,7.52
_0480_,7.52
mem\[0\]\[23\],7.52
mem\[3\]\[39\],7.52
mem\[3\]\[69\],7.52
net371,7.52
net373,7.52
net400,7.52
net539,7.52
_0405_,7.5
net496,7.48
net505,7.42
_0020_,7.385
mem\[0\]\[47\],7.32
mem\[3\]\[52\],7.32
mem\[3\]\[54\],7.315
_0223_,7.305
mem\[3\]\[44\],7.28
_0339_,7.24
_0467_,7.22
_0872_,7.22
mem\[0\]\[57\],7.22
_0314_,7.18
_0395_,7.18
_0403_,7.18
_0779_,7.18
_0007_,7.165
_0219_,7.145
_0455_,7.14
net489,7.12
_0138_,7.105
_0411_,7.1
_0745_,7.1
mem\[3\]\[23\],7.1
net161,7.1
net221,7.1
mem\[3\]\[61\],7.08
mem\[2\]\[27\],7.065
_0527_,7.06
_0533_,7.06
_0809_,7.06
mem\[2\]\[30\],7.06
net388,7.06
net492,7.06
_0131_,7.045
wdata[37],7.01
_0497_,7
net268,7
net316,7
_0826_,6.98
net300,6.92
net321,6.92
net387,6.92
_0170_,6.905
_0344_,6.9
rdata[60],6.89
_0661_,6.88
_0069_,6.825
_0077_,6.825
mem\[0\]\[1\],6.82
_0358_,6.78
_0330_,6.76
_0357_,6.76
_0490_,6.76
_0554_,6.76
_0847_,6.76
_0864_,6.76
mem\[1\]\[70\],6.76
net258,6.76
_0238_,6.725
_0296_,6.72
_0367_,6.72
_0394_,6.72
_0398_,6.72
_0406_,6.72
_0432_,6.72
_0447_,6.72
mem\[0\]\[46\],6.72
mem\[1\]\[56\],6.72
net191,6.72
net266,6.72
net293,6.72
net356,6.72
net397,6.72
mem\[3\]\[3\],6.7
_0030_,6.685
_0121_,6.685
mem\[2\]\[65\],6.66
_0177_,6.645
_0279_,6.645
_0422_,6.64
_0434_,6.64
_0457_,6.64
_0492_,6.64
mem\[0\]\[64\],6.64
mem\[3\]\[26\],6.64
mem\[3\]\[50\],6.64
_0392_,6.6
_0532_,6.6
_0692_,6.6
_0795_,6.6
net292,6.6
net454,6.6
net566,6.6
_0563_,6.58
_0084_,6.565
_0085_,6.565
net237,6.54
_0833_,6.5
net446,6.5
mem\[3\]\[70\],6.48
net442,6.42
net502,6.42
mem\[1\]\[20\],6.405
mem\[0\]\[34\],6.4
net315,6.4
net376,6.4
_0163_,6.365
_0346_,6.365
net488,6.32
wdata[34],6.31
wdata[43],6.31
_0489_,6.3
_0549_,6.3
_0837_,6.3
mem\[0\]\[39\],6.3
mem\[0\]\[45\],6.3
net173,6.3
net417,6.3
mem\[0\]\[28\],6.28
mem\[3\]\[40\],6.28
_0000_,6.265
_0350_,6.26
_0431_,6.26
_0543_,6.26
_0631_,6.26
_0643_,6.26
_0728_,6.26
_0812_,6.26
_0855_,6.26
net466,6.26
net473,6.26
net477,6.26
net546,6.26
_0242_,6.225
rdata[7],6.21
_0212_,6.185
net212,6.185
_0370_,6.18
_0712_,6.18
_0819_,6.18
_0889_,6.18
net362,6.18
net462,6.18
net517,6.18
_0530_,6.14
_0565_,6.14
_0831_,6.14
_0838_,6.14
mem\[0\]\[27\],6.14
net295,6.14
net338,6.14
wdata[36],6.11
en,6.09
net394,6.08
net487,6.08
_0172_,6.065
_0300_,6.065
_0341_,6.065
_0374_,6.06
_0724_,6.06
mem\[1\]\[18\],6.06
mem\[2\]\[2\],6.06
net332,6.06
net384,6.04
net367,6.02
_0043_,6.005
net299,5.98
net347,5.98
rdata[35],5.97
wdata[35],5.97
wdata[42],5.97
_0042_,5.965
_0113_,5.965
_0117_,5.965
mem\[2\]\[43\],5.94
mem\[3\]\[20\],5.94
net194,5.895
rdata[2],5.87
rdata[61],5.87
net559,5.86
_0388_,5.84
_0494_,5.84
_0801_,5.84
mem\[1\]\[64\],5.84
mem\[3\]\[24\],5.84
net372,5.84
net408,5.84
_0066_,5.805
_0275_,5.805
_0318_,5.8
_0334_,5.8
_0380_,5.8
_0684_,5.8
_0696_,5.8
_0811_,5.8
_0879_,5.8
net343,5.8
net452,5.8
net537,5.8
_0241_,5.765
net255,5.765
rdata[36],5.75
_0362_,5.74
_0396_,5.74
_0397_,5.74
_0428_,5.74
_0536_,5.74
_0698_,5.74
_0715_,5.74
_0803_,5.74
_0818_,5.74
_0825_,5.74
_0834_,5.74
_0849_,5.74
_0853_,5.74
mem\[2\]\[68\],5.725
_0361_,5.72
_0446_,5.72
_0642_,5.72
_0846_,5.72
_0863_,5.72
net289,5.72
net529,5.72
_0076_,5.705
_0359_,5.68
_0360_,5.68
_0376_,5.68
_0471_,5.68
_0521_,5.68
_0537_,5.68
_0548_,5.68
_0720_,5.68
_0814_,5.68
_0866_,5.68
net229,5.68
net250,5.68
net282,5.68
net303,5.68
net350,5.68
net461,5.68
net521,5.68
rdata[31],5.63
wdata[44],5.63
wdata[48],5.63
net339,5.62
_0003_,5.605
_0235_,5.58
net305,5.58
net342,5.58
net348,5.58
net411,5.58
net414,5.58
net478,5.58
net495,5.58
net501,5.58
net560,5.58
net531,5.56
_0002_,5.545
_0151_,5.545
rdata[4],5.53
rdata[54],5.53
rdata[66],5.53
rdata[8],5.53
rdata[9],5.53
_0229_,5.525
_0100_,5.505
net263,5.505
net523,5.46
_0195_,5.435
_0197_,5.435
_0263_,5.435
net160,5.405
_0323_,5.38
_0408_,5.38
_0510_,5.38
_0820_,5.38
_0877_,5.38
mem\[0\]\[15\],5.38
mem\[1\]\[45\],5.38
_0666_,5.36
_0060_,5.345
_0102_,5.345
_0140_,5.345
_0218_,5.345
_0320_,5.34
_0324_,5.34
_0410_,5.34
_0421_,5.34
_0472_,5.34
_0474_,5.34
_0516_,5.34
_0520_,5.34
_0861_,5.34
net169,5.34
net336,5.34
net403,5.34
mem\[3\]\[43\],5.335
_0078_,5.305
_0234_,5.305
net230,5.305
_0420_,5.28
_0503_,5.28
_0518_,5.28
_0808_,5.28
mem\[2\]\[24\],5.28
net125,5.28
_0012_,5.265
_0044_,5.265
_0073_,5.265
_0175_,5.265
_0253_,5.265
net228,5.265
_0496_,5.26
_0655_,5.26
_0697_,5.26
net246,5.26
net309,5.26
net322,5.26
net323,5.26
net516,5.26
_0391_,5.22
_0452_,5.22
_0529_,5.22
_0557_,5.22
_0568_,5.22
_0621_,5.22
_0774_,5.22
net280,5.22
net319,5.22
rdata[38],5.19
rdata[63],5.19
_0045_,5.185
_0192_,5.185
_0255_,5.185
_0013_,5.16
_0287_,5.16
net325,5.16
net406,5.16
net416,5.16
net565,5.16
mem\[2\]\[36\],5.145
_0443_,5.14
_0782_,5.12
net281,5.12
net377,5.12
net459,5.12
net486,5.12
net513,5.12
_0004_,5.095
net154,5.095
_0133_,5.085
_0165_,5.085
rdata[32],5.07
wdata[56],5.07
wdata[69],5.07
_0351_,5.06
net366,5.06
net527,5.06
net257,5.045
net283,5.04
mem\[0\]\[61\],5.02
_0015_,4.975
_0104_,4.975
rdata[26],4.95
rdata[30],4.95
rdata[42],4.95
rdata[45],4.95
wdata[32],4.95
wdata[45],4.95
_0363_,4.92
_0522_,4.92
_0759_,4.92
mem\[2\]\[26\],4.92
net401,4.92
_0464_,4.9
_0349_,4.88
_0356_,4.88
_0387_,4.88
_0441_,4.88
_0752_,4.88
_0817_,4.88
mem\[1\]\[54\],4.88
net337,4.88
net481,4.88
net535,4.88
rdata[0],4.85
rdata[40],4.85
rdata[64],4.85
rdata[70],4.85
_0046_,4.845
_0064_,4.845
_0123_,4.845
_0135_,4.845
_0207_,4.845
net152,4.845
net182,4.845
net188,4.845
net214,4.845
net232,4.845
_0710_,4.82
_0858_,4.82
_0487_,4.8
_0507_,4.8
_0578_,4.8
_0636_,4.8
_0641_,4.8
_0754_,4.8
net260,4.8
net285,4.8
_0364_,4.76
_0459_,4.76
_0513_,4.76
_0552_,4.76
_0830_,4.76
_0845_,4.76
net171,4.76
net483,4.76
rdata[28],4.73
wdata[8],4.73
wdata[9],4.73
_0038_,4.725
_0096_,4.7
_0150_,4.7
_0347_,4.7
net286,4.7
net335,4.7
net455,4.7
net460,4.7
net497,4.7
net558,4.7
_0783_,4.68
mem\[0\]\[50\],4.68
mem\[0\]\[7\],4.68
_0439_,4.66
_0630_,4.66
net422,4.66
net437,4.66
net445,4.66
net556,4.66
_0039_,4.625
_0125_,4.625
_0149_,4.625
_0182_,4.625
wdata[40],4.61
_0340_,4.6
_0118_,4.585
_0285_,4.585
_0144_,4.58
net554,4.58
net222,4.525
_0075_,4.505
_0155_,4.505
_0867_,4.48
net215,4.48
_0486_,4.46
_0495_,4.46
_0531_,4.46
_0558_,4.46
_0573_,4.46
_0625_,4.46
_0804_,4.46
_0827_,4.46
net241,4.46
net451,4.46
net552,4.46
_0048_,4.425
_0316_,4.42
_0519_,4.42
_0564_,4.42
_0829_,4.42
_0887_,4.42
_0114_,4.415
rdata[37],4.39
wr_n,4.39
_0206_,4.385
_0244_,4.385
_0261_,4.385
_0265_,4.385
net259,4.385
_0027_,4.36
_0063_,4.36
_0478_,4.36
_0892_,4.36
mem\[1\]\[65\],4.345
_0372_,4.34
_0399_,4.34
_0499_,4.34
_0839_,4.34
net272,4.34
net425,4.34
net184,4.335
rdata[34],4.27
wdata[26],4.27
wdata[30],4.27
wdata[38],4.27
_0108_,4.26
_0132_,4.26
_0067_,4.24
_0128_,4.24
_0260_,4.24
_0284_,4.24
net267,4.24
net392,4.24
net551,4.24
_0424_,4.22
_0786_,4.22
net312,4.2
net363,4.2
net503,4.2
net507,4.2
net541,4.2
mem\[3\]\[46\],4.18
_0021_,4.165
_0199_,4.165
_0214_,4.165
net365,4.14
net468,4.14
net476,4.12
_0065_,4.065
net206,4.025
net165,4.02
net264,4.02
_0335_,4
_0445_,4
_0476_,4
_0477_,4
_0481_,4
_0574_,4
_0598_,4
_0687_,4
_0828_,4
net213,4
net233,4
net360,4
net456,4
net510,4
net526,4
net547,4
_0016_,3.98
_0881_,3.98
_0180_,3.975
_0105_,3.965
_0112_,3.965
rdata[48],3.93
wdata[28],3.93
_0006_,3.925
_0215_,3.925
_0282_,3.925
_0153_,3.9
_0547_,3.9
_0366_,3.88
_0601_,3.88
_0681_,3.88
_0707_,3.88
net163,3.88
net175,3.88
net217,3.88
net270,3.88
net291,3.88
_0071_,3.805
_0094_,3.805
_0110_,3.78
_0268_,3.78
net525,3.78
net419,3.76
_0691_,3.74
net297,3.74
net449,3.74
net515,3.74
net548,3.74
_0035_,3.705
_0115_,3.705
_0139_,3.705
_0271_,3.705
_0288_,3.68
net324,3.68
net453,3.68
net399,3.66
_0196_,3.625
_0008_,3.605
_0240_,3.605
_0299_,3.585
mem\[0\]\[54\],3.56
net195,3.56
_0298_,3.54
_0304_,3.54
_0313_,3.54
_0373_,3.54
_0460_,3.54
_0469_,3.54
_0538_,3.54
_0802_,3.54
_0857_,3.54
_0882_,3.54
net420,3.54
_0029_,3.515
_0001_,3.505
_0276_,3.505
_0009_,3.465
_0017_,3.465
_0072_,3.465
_0236_,3.465
net170,3.465
net216,3.465
net251,3.465
_0505_,3.46
_0154_,3.44
_0430_,3.44
_0485_,3.44
_0508_,3.44
_0511_,3.44
_0700_,3.44
_0816_,3.44
_0840_,3.44
net383,3.44
_0400_,3.42
_0491_,3.42
_0577_,3.42
_0614_,3.42
_0650_,3.42
_0678_,3.42
_0763_,3.42
_0886_,3.42
net151,3.42
net157,3.42
net193,3.42
net490,3.42
net533,3.42
_0014_,3.405
_0086_,3.405
_0047_,3.355
_0051_,3.345
_0103_,3.345
_0245_,3.345
net204,3.345
_0041_,3.32
_0127_,3.32
_0755_,3.32
net298,3.32
net410,3.32
net279,3.3
_0097_,3.245
_0222_,3.245
_0319_,3.22
_0325_,3.22
_0333_,3.22
_0338_,3.22
_0343_,3.22
_0354_,3.22
net407,3.22
net485,3.22
_0090_,3.175
_0109_,3.175
_0191_,3.175
net156,3.175
_0243_,3.145
_0258_,3.135
_0164_,3.125
net249,3.125
_0648_,3.1
net359,3.1
_0307_,3.08
_0308_,3.08
_0332_,3.08
_0336_,3.08
_0502_,3.08
_0569_,3.08
_0741_,3.08
_0824_,3.08
net311,3.08
net352,3.08
net463,3.08
net542,3.08
net557,3.08
_0126_,3.045
_0143_,3.045
_0231_,3.045
_0257_,3.045
_0028_,3.005
_0202_,3.005
_0225_,3.005
_0256_,3.005
_0329_,3.005
net174,3.005
net261,3.005
net190,2.995
_0111_,2.98
_0179_,2.98
_0254_,2.98
_0393_,2.98
_0413_,2.98
_0488_,2.98
_0546_,2.98
_0576_,2.98
_0762_,2.98
_0781_,2.98
_0844_,2.98
_0862_,2.98
_0876_,2.98
_0592_,2.96
_0822_,2.96
net199,2.96
net219,2.96
net433,2.96
_0136_,2.945
_0152_,2.885
_0174_,2.885
_0178_,2.885
_0262_,2.885
net178,2.885
_0083_,2.88
_0107_,2.88
_0168_,2.88
_0210_,2.88
_0221_,2.88
_0292_,2.88
_0019_,2.86
_0137_,2.86
_0167_,2.86
_0239_,2.86
net196,2.86
net208,2.86
net218,2.86
net269,2.86
net275,2.86
net328,2.86
net333,2.86
net504,2.86
net528,2.86
net540,2.86
_0761_,2.84
net520,2.84
_0217_,2.835
_0070_,2.785
_0161_,2.785
_0193_,2.785
_0270_,2.785
net186,2.785
net236,2.785
_0703_,2.76
net276,2.76
net306,2.76
net327,2.76
net344,2.76
net345,2.76
net358,2.76
net364,2.76
net380,2.76
net381,2.76
net405,2.76
net435,2.76
net443,2.76
net491,2.76
net544,2.76
net500,2.74
_0082_,2.715
_0355_,2.715
net242,2.715
net265,2.715
_0220_,2.705
_0742_,2.64
_0297_,2.62
_0337_,2.62
_0426_,2.62
_0427_,2.62
_0465_,2.62
_0676_,2.62
_0719_,2.62
_0791_,2.62
_0800_,2.62
_0836_,2.62
_0885_,2.62
net187,2.62
net205,2.62
net244,2.62
net431,2.62
net457,2.62
net524,2.62
net564,2.62
_0272_,2.6
_0093_,2.595
_0033_,2.585
_0142_,2.585
_0283_,2.585
_0059_,2.545
_0087_,2.545
_0145_,2.545
_0147_,2.545
_0158_,2.545
_0211_,2.545
_0230_,2.545
_0246_,2.545
net164,2.545
net234,2.545
_0412_,2.52
_0479_,2.52
_0504_,2.52
_0514_,2.52
_0524_,2.52
_0575_,2.52
_0610_,2.52
_0627_,2.52
_0690_,2.52
_0731_,2.52
_0798_,2.52
_0860_,2.52
_0653_,2.5
_0796_,2.5
net181,2.5
net248,2.5
_0032_,2.485
_0079_,2.485
_0106_,2.485
_0148_,2.485
_0160_,2.485
_0190_,2.485
_0205_,2.485
_0216_,2.485
_0267_,2.485
_0281_,2.485
_0162_,2.425
_0040_,2.42
_0095_,2.42
_0099_,2.42
_0286_,2.42
net278,2.4
net409,2.4
net413,2.4
net423,2.4
net429,2.4
net479,2.4
net538,2.4
net555,2.4
net561,2.4
net562,2.4
_0018_,2.325
_0023_,2.325
_0054_,2.325
_0092_,2.325
_0194_,2.325
_0232_,2.325
_0250_,2.325
_0305_,2.325
_0326_,2.325
net168,2.325
net176,2.325
net210,2.325
net220,2.325
net238,2.325
net247,2.325
net277,2.3
net287,2.3
net288,2.3
net290,2.3
net301,2.3
net307,2.3
net313,2.3
net318,2.3
net378,2.3
net448,2.3
net498,2.3
net567,2.3
_0122_,2.255
_0134_,2.255
_0200_,2.255
_0266_,2.255
net253,2.255
_0352_,2.16
_0382_,2.16
_0436_,2.16
_0449_,2.16
_0454_,2.16
_0665_,2.16
_0805_,2.16
net167,2.16
net223,2.16
net225,2.16
net369,2.16
net395,2.16
net412,2.16
net430,2.16
net440,2.16
net444,2.16
net509,2.16
_0061_,2.125
_0080_,2.125
_0091_,2.125
_0203_,2.125
_0252_,2.125
net245,2.125
_0049_,2.085
_0116_,2.085
_0159_,2.085
_0189_,2.085
_0198_,2.085
_0226_,2.085
_0237_,2.085
_0248_,2.085
_0278_,2.085
_0321_,2.085
net192,2.085
net200,2.085
_0378_,2.06
_0407_,2.06
_0419_,2.06
_0444_,2.06
_0509_,2.06
_0539_,2.06
_0544_,2.06
_0551_,2.06
_0561_,2.06
_0588_,2.06
_0618_,2.06
_0677_,2.06
_0730_,2.06
_0756_,2.06
_0794_,2.06
_0797_,2.06
_0815_,2.06
_0841_,2.06
_0870_,2.06
_0878_,2.06
_0890_,2.06
_0729_,2.04
net179,2.04
net211,2.04
_0011_,2.025
_0031_,2.025
_0036_,2.025
_0052_,2.025
_0057_,2.025
_0062_,2.025
_0120_,2.025
_0130_,2.025
_0141_,2.025
_0157_,2.025
_0166_,2.025
_0169_,2.025
_0173_,2.025
_0176_,2.025
_0187_,2.025
_0188_,2.025
_0201_,2.025
_0209_,2.025
_0213_,2.025
_0224_,2.025
_0264_,2.025
net353,1.94
net450,1.94
net465,1.94
net480,1.94
_0088_,1.915
_0171_,1.915
_0024_,1.865
_0056_,1.865
_0058_,1.865
_0081_,1.865
_0124_,1.865
_0184_,1.865
_0204_,1.865
_0208_,1.865
_0228_,1.865
_0251_,1.865
_0259_,1.865
_0280_,1.865
net180,1.865
net273,1.865
net458,1.865
net304,1.84
net331,1.84
net334,1.84
net341,1.84
net346,1.84
net354,1.84
net355,1.84
net357,1.84
net370,1.84
net375,1.84
net379,1.84
net382,1.84
net389,1.84
net391,1.84
net396,1.84
net418,1.84
net424,1.84
net428,1.84
net432,1.84
net434,1.84
net436,1.84
net438,1.84
net439,1.84
net447,1.84
net467,1.84
net470,1.84
net471,1.84
net475,1.84
net494,1.84
net511,1.84
net518,1.84
net519,1.84
net522,1.84
net530,1.84
net532,1.84
net553,1.84
_0026_,1.745
_0037_,1.745
_0050_,1.745
_0119_,1.745
net240,1.745
_0310_,1.7
_0311_,1.7
_0317_,1.7
_0331_,1.7
_0470_,1.7
_0525_,1.7
_0571_,1.7
_0792_,1.7
_0873_,1.7
_0893_,1.7
net231,1.7
net235,1.7
net226,1.685
_0435_,1.6
_0448_,1.6
_0453_,1.6
_0456_,1.6
_0463_,1.6
_0517_,1.6
_0535_,1.6
_0550_,1.6
_0562_,1.6
_0842_,1.6
net158,1.575
net198,1.575
net202,1.575
_0409_,1.48
net314,1.48
net385,1.48
net390,1.48
net482,1.48
_0022_,1.405
_0053_,1.405
_0101_,1.405
_0183_,1.405
_0273_,1.405
net166,1.405
net224,1.405
mem\[1\]\[15\],1.26
_0383_,1.14
_0384_,1.14
_0437_,1.14
_0461_,1.14
_0468_,1.14
_0482_,1.14
_0540_,1.14
_0555_,1.14
_0572_,1.14
_0647_,1.14
_0813_,1.14
_0848_,1.14
_0852_,1.14
_0856_,1.14
_0865_,1.14
net274,1.02
net340,1.02
net349,1.02
net543,1.02
_0295_,0.46
_0303_,0.46
_0309_,0.46
_0315_,0.46
_0322_,0.46
_0342_,0.46
_0353_,0.46
net153,0.46
net256,0.46
